Pergunta,Tipo,Descrição,Variáveis,Nota,Motivo
"Eu, como um analista de marketing, preciso visualizar a distribuição de idades dos nossos clientes, qual seria o melhor tipo de visualização para fazer isso?",Gráfico de Barras,"O gráfico de barras é uma excelente opção para visualizar a distribuição de idades, pois permite comparar facilmente diferentes faixas etárias.","['Faixa Etária', 'Número de Clientes']",5,"Permite comparação de diferentes faixas etárias, mas pode não ser tão eficiente para distribuições detalhadas."
"Eu, como um analista de marketing, preciso visualizar a distribuição de idades dos nossos clientes, qual seria o melhor tipo de visualização para fazer isso?",Histograma,O histograma é uma visualização ideal para entender a distribuição de idades de forma mais detalhada.,"['Idade do Cliente', 'Contagem de Clientes']",7,É a melhor opção para visualizar a distribuição de idades de forma detalhada e identificar padrões.
"Eu, como um analista de marketing, preciso visualizar a distribuição de idades dos nossos clientes, qual seria o melhor tipo de visualização para fazer isso?",Gráfico de Pizza (Pizza Chart),"Embora menos comum, um gráfico de pizza pode ser usado para mostrar a distribuição das idades dos clientes.","['Faixa Etária', 'Porcentagem de Clientes']",3,Menos eficiente do que outras opções para visualizar distribuições detalhadas.
"Eu, como um cientista de dados, preciso visualizar a correlação entre variáveis do nosso conjunto de dados, qual seria o melhor tipo de visualização para fazer isso?",Gráfico de Dispersão (Scatter Plot),O gráfico de dispersão é a melhor maneira de visualizar correlações entre variáveis contínuas.,"['Variável X', 'Variável Y']",6,"Permite identificar tendências, padrões e outliers, mas pode ser limitado para correlações entre múltiplas variáveis."
"Eu, como um cientista de dados, preciso visualizar a correlação entre variáveis do nosso conjunto de dados, qual seria o melhor tipo de visualização para fazer isso?",Matriz de Correlação,Uma matriz de correlação é útil para visualizar as correlações entre várias variáveis ao mesmo tempo.,['Conjunto de Variáveis para Correlacionar'],7,Útil para identificar padrões complexos de correlação entre múltiplas variáveis.
"Eu, como um cientista de dados, preciso visualizar a correlação entre variáveis do nosso conjunto de dados, qual seria o melhor tipo de visualização para fazer isso?",Heatmap,Um heatmap pode ser usado para visualizar a correlação entre variáveis codificando as correlações com cores.,['Conjunto de Variáveis para Correlacionar'],6,"Facilita a identificação de padrões de correlação forte ou fraca, mas pode ser menos preciso que a matriz de correlação."
"Eu, como um gestor financeiro, preciso comparar o desempenho de vendas ao longo do último trimestre, qual seria o melhor tipo de visualização para fazer isso?",Gráfico de Linhas (Line Chart),"O gráfico de linhas é ideal para visualizar tendências ao longo do tempo, como o desempenho de vendas por trimestre.","['Trimestre', 'Valor das Vendas']",7,"Mostra claramente as variações e padrões ao longo do tempo, permitindo identificar mudanças de desempenho."
"Eu, como um gestor financeiro, preciso comparar o desempenho de vendas ao longo do último trimestre, qual seria o melhor tipo de visualização para fazer isso?",Gráfico de Barras Agrupado (Grouped Bar Chart),Um gráfico de barras agrupado pode ser usado para comparar o desempenho de vendas entre diferentes produtos ou regiões ao longo do último trimestre.,"['Categoria (Produto ou Região)', 'Valor das Vendas']",5,"Permite comparar desempenho entre diferentes categorias, mas pode ser menos eficaz para visualizar tendências ao longo do tempo."
"Eu, como um gestor financeiro, preciso comparar o desempenho de vendas ao longo do último trimestre, qual seria o melhor tipo de visualização para fazer isso?",Gráfico de Área (Area Chart),Um gráfico de área pode ser utilizado para mostrar a distribuição do desempenho de vendas ao longo do último trimestre.,"['Trimestre', 'Valor das Vendas']",6,"Destaca as variações ao longo do tempo de forma visualmente atraente, mas pode ser menos preciso que o gráfico de linhas."
"Eu, como um analista de recursos humanos, preciso visualizar a distribuição de salários dos funcionários da empresa, qual seria o melhor tipo de visualização para fazer isso?",Boxplot,"O boxplot é uma visualização ideal para visualizar a distribuição de salários, pois além de mostrar a mediana e quartis, também identifica os outliers.",['Salários dos Funcionários'],7,Mostra a distribuição de salários de forma clara e identifica possíveis discrepâncias.
"Eu, como um analista de recursos humanos, preciso visualizar a distribuição de salários dos funcionários da empresa, qual seria o melhor tipo de visualização para fazer isso?",Histograma,O histograma é uma boa opção para visualizar a distribuição de salários de forma mais detalhada.,"['Salários dos Funcionários', 'Contagem de Funcionários']",6,"Útil para identificar padrões e outliers nos salários, mas pode ser menos preciso que o boxplot."
"Eu, como um analista de recursos humanos, preciso visualizar a distribuição de salários dos funcionários da empresa, qual seria o melhor tipo de visualização para fazer isso?",Gráfico de Densidade (Density Plot),Um gráfico de densidade pode ser usado para visualizar a distribuição suave dos salários dos funcionários.,['Salários dos Funcionários'],5,"Destaca a forma da distribuição, mas pode ser menos eficiente para identificar outliers."
"Eu, como um analista de vendas, preciso comparar o desempenho de vendas entre diferentes regiões do país, qual seria o melhor tipo de visualização para fazer isso?",Mapa de Calor (Heat Map),Um mapa de calor pode ser utilizado para visualizar o desempenho de vendas em diferentes regiões do país.,"['Região Geográfica', 'Valor das Vendas']",6,"Facilita a identificação de padrões geográficos de desempenho de vendas, mas pode ser menos preciso que outras opções."
"Eu, como um analista de vendas, preciso comparar o desempenho de vendas entre diferentes regiões do país, qual seria o melhor tipo de visualização para fazer isso?",Gráfico de Barras (Bar Chart),Um gráfico de barras é eficaz para comparar o desempenho de vendas entre diferentes regiões.,"['Região', 'Valor das Vendas']",5,"Permite visualizar diferenças de desempenho entre as regiões de forma clara, mas pode ser menos eficiente para visualizar tendências ao longo do tempo."
"Eu, como um analista de vendas, preciso comparar o desempenho de vendas entre diferentes regiões do país, qual seria o melhor tipo de visualização para fazer isso?",Gráfico de Linhas (Line Chart),Um gráfico de linhas pode ser utilizado para visualizar as tendências de vendas ao longo do tempo em diferentes regiões.,"['Região', 'Trimestre', 'Valor das Vendas']",7,Facilita a comparação de desempenho entre diferentes regiões ao longo do tempo.
